timestamp,event
2026-08-20 19:51:55,Mobile phone detected
2026-08-20 19:51:56,Driver distracted
2026-08-20 19:51:58,Driver distracted
2026-08-20 19:51:59,Driver distracted
2026-08-20 19:52:04,Drowsiness detected
2026-08-20 19:52:08,Yawning detected
2026-08-20 19:52:09,Drowsiness detected
2026-08-20 19:52:11,Driver distracted
2026-08-20 19:52:21,Driver distracted
2026-08-20 19:52:33,Mobile phone detected
2026-08-20 19:52:35,Driver distracted
2026-08-20 19:52:36,Driver distracted
2026-08-20 19:52:37,Drowsiness detected
2026-08-20 19:52:37,Mobile phone detected
2026-08-20 19:52:37,Mobile phone detected
2026-08-20 19:52:37,Driver distracted
2026-08-20 19:52:38,Driver distracted
2026-08-20 19:52:38,Mobile phone detected
2026-08-20 19:52:38,Driver distracted
2026-08-20 19:52:39,Mobile phone detected
2026-08-20 19:52:39,Mobile phone detected
2026-08-20 19:52:39,Mobile phone detected
2026-08-20 19:52:39,Driver distracted
2026-08-20 19:52:39,Driver distracted
2026-08-20 19:52:40,Driver distracted
2026-08-20 19:52:40,Driver distracted
2026-08-20 19:52:40,Driver distracted
2026-08-20 19:52:40,Mobile phone detected
2026-08-20 19:52:41,Driver distracted
2026-08-20 19:52:42,Driver distracted
2026-08-20 19:52:43,Driver distracted
2026-08-20 19:52:43,Driver distracted
2026-08-20 19:52:44,Driver distracted
2026-08-20 19:52:45,Driver distracted
2026-08-20 19:52:46,Driver distracted
2026-08-20 19:52:46,Driver distracted
2026-08-20 19:52:47,Driver distracted
2026-08-20 19:52:47,Driver distracted
2026-08-20 19:52:47,Driver distracted
2026-08-20 19:52:47,Driver distracted
2026-08-20 19:52:47,Driver distracted
2026-08-20 19:52:47,Driver distracted
2026-08-20 19:52:47,Driver distracted
2026-08-20 19:52:47,Driver distracted
2026-08-20 19:52:47,Driver distracted
2026-08-20 19:52:47,Driver distracted
2026-08-20 19:52:48,Driver distracted
2026-08-20 19:52:48,Driver distracted
2026-08-20 19:52:48,Driver distracted
2026-08-20 19:52:48,Driver distracted
2026-08-20 19:52:51,Driver distracted
2026-08-20 19:52:51,Driver distracted
2026-08-20 19:52:51,Driver distracted
2026-08-20 19:52:51,Driver distracted
2026-08-20 19:52:51,Driver distracted
2026-08-20 19:52:51,Driver distracted
2026-08-20 19:52:51,Driver distracted
2026-08-20 19:52:51,Driver distracted
2026-08-20 19:52:51,Driver distracted
2026-08-20 19:52:51,Driver distracted
2026-08-20 19:52:51,Driver distracted
2026-08-20 19:52:51,Driver distracted
2026-08-20 19:52:53,Driver distracted
2026-08-20 19:52:53,Driver distracted
2026-08-20 19:52:53,Driver distracted
2026-08-20 19:52:59,Driver distracted
2026-08-20 19:53:02,Driver distracted
2026-08-20 19:53:07,Driver distracted
2026-08-20 19:53:10,Driver distracted
2026-08-20 19:53:11,Driver distracted
2026-08-20 19:53:15,Driver distracted
2026-08-20 19:53:20,Driver distracted
2026-08-20 19:53:24,Driver distracted
2026-08-20 19:53:30,Driver distracted
2026-08-20 19:53:33,Driver distracted
2026-08-20 19:53:34,Driver distracted
2026-08-20 19:53:47,Driver distracted
2026-08-20 19:53:49,Driver distracted
2026-08-20 19:53:50,Driver distracted
2026-08-20 19:53:54,Driver distracted
2026-08-20 19:53:55,Drowsiness detected
2026-08-20 19:53:59,Drowsiness detected
2026-08-20 19:54:03,Driver distracted
2026-08-20 19:54:03,Yawning detected
2026-08-20 19:54:04,Drowsiness detected
2026-08-20 19:54:08,Mobile phone detected
2026-08-20 19:54:16,Mobile phone detected
2026-08-20 19:54:16,Mobile phone detected
2026-08-20 19:54:19,Drowsiness detected
2026-08-20 19:54:19,Driver distracted
2026-08-20 19:54:20,Drowsiness detected
2026-08-20 19:54:25,Driver distracted
2026-08-20 19:54:27,Driver distracted
2026-08-20 19:54:29,Driver distracted
2026-08-20 19:54:31,Drowsiness detected
2026-08-20 19:54:31,Driver distracted
2026-08-20 19:54:33,Drowsiness detected
2026-08-20 19:54:35,Drowsiness detected
2026-08-20 19:54:39,Drowsiness detected
2026-08-20 19:54:47,Drowsiness detected
2026-08-20 19:54:57,Driver distracted
2026-08-20 19:54:58,Yawning detected
2026-08-20 19:54:59,Drowsiness detected
2026-08-20 19:55:02,Yawning detected
2026-08-20 19:55:04,Yawning detected
2026-08-20 19:55:07,Driver distracted
2026-08-20 19:55:10,Mobile phone detected
2026-08-20 19:55:10,Mobile phone detected
2026-08-20 19:55:10,Driver distracted
2026-08-20 19:55:10,Mobile phone detected
2026-08-20 19:55:11,Mobile phone detected
2026-08-20 19:55:12,Mobile phone detected
2026-08-20 19:55:12,Mobile phone detected
2026-08-20 19:55:14,Mobile phone detected
2026-08-20 19:55:14,Mobile phone detected
2026-08-20 19:55:14,Mobile phone detected
2026-08-20 19:55:18,Driver distracted
2026-08-20 19:55:22,Driver distracted
2026-08-20 19:55:23,Driver distracted
2026-08-20 19:55:24,Driver distracted
2026-08-20 19:55:26,Driver distracted
2026-08-20 19:55:27,Driver distracted
2026-08-20 19:55:36,Driver distracted
2026-08-20 19:55:43,Mobile phone detected
2026-08-20 19:55:43,Mobile phone detected
2026-08-20 19:55:43,Driver distracted
2026-08-20 19:55:44,Driver distracted
2026-08-20 19:55:44,Mobile phone detected
2026-08-20 19:55:48,Drowsiness detected
2026-08-20 19:55:49,Drowsiness detected
2026-08-20 19:55:55,Driver distracted
2026-08-20 19:56:02,Drowsiness detected
2026-08-20 19:56:09,Driver distracted
2026-08-20 19:56:10,Driver distracted
2026-08-20 19:56:12,Driver distracted
2026-08-20 19:56:13,Driver distracted
2026-08-20 19:56:16,Yawning detected
2026-08-20 19:56:16,Driver distracted
2026-08-20 19:56:16,Drowsiness detected
2026-08-20 19:56:19,Driver distracted
2026-08-20 19:56:23,Driver distracted
2026-08-20 19:56:25,Driver distracted
2026-08-20 19:56:27,Driver distracted
2026-08-20 19:56:27,Driver distracted
2026-08-20 19:56:29,Driver distracted
2026-08-20 19:56:30,Drowsiness detected
2026-08-20 19:56:33,Drowsiness detected
2026-08-20 19:56:33,Driver distracted
2026-08-20 19:56:38,Driver distracted
2026-08-20 19:56:39,Driver distracted
2026-08-20 19:56:42,Driver distracted
2026-08-20 19:56:42,Driver distracted
2026-08-20 19:56:46,Drowsiness detected
2026-08-20 19:56:46,Driver distracted
2026-08-20 19:56:49,Drowsiness detected
2026-08-20 19:56:49,Driver distracted
2026-08-20 19:56:51,Driver distracted
2026-08-20 19:56:55,Driver distracted
